{"cameraMode":{"drawMode":0,"name":"Shaded","section":"Shading Mode"},"sceneLighting":false,"audioPlay":false,"sceneViewState":{"showFog":true,"showMaterialUpdate":false,"showSkybox":false,"showFlares":true,"showImageEffects":true,"showParticleSystems":true},"in2DMode":false,"pivot":{"x":-17.28145408630371,"y":4.559999942779541,"z":-23.178714752197267},"rotation":{"x":-0.09945381432771683,"y":-0.358073890209198,"z":0.03839182108640671,"w":-0.9275875687599182},"size":341.89862060546877,"orthographic":false}