{"cameraMode":{"drawMode":0,"name":"Shaded","section":"Shading Mode"},"sceneLighting":true,"audioPlay":false,"sceneViewState":{"showFog":true,"showMaterialUpdate":false,"showSkybox":true,"showFlares":true,"showImageEffects":true,"showParticleSystems":true},"in2DMode":false,"pivot":{"x":-48.9000244140625,"y":34.91535949707031,"z":-2.58060359954834},"rotation":{"x":-0.07904497534036637,"y":0.5843954682350159,"z":-0.05734262987971306,"w":-0.8055722117424011},"size":12.836020469665528,"orthographic":false}