{"cameraMode":{"drawMode":0,"name":"Shaded","section":"Shading Mode"},"sceneLighting":false,"audioPlay":false,"sceneViewState":{"showFog":true,"showMaterialUpdate":false,"showSkybox":false,"showFlares":true,"showImageEffects":true,"showParticleSystems":true},"in2DMode":false,"pivot":{"x":-17.610000610351564,"y":6.010002613067627,"z":-23.53499984741211},"rotation":{"x":-0.2011413872241974,"y":0.719377875328064,"z":-0.23226989805698396,"w":-0.6229674816131592},"size":30.790151596069337,"orthographic":false}